{"cameraMode":{"drawMode":0,"name":"Shaded","section":"Shading Mode"},"sceneLighting":false,"audioPlay":false,"sceneViewState":{"m_AlwaysRefresh":false,"showFog":true,"showSkybox":false,"showFlares":true,"showImageEffects":true,"showParticleSystems":true,"showVisualEffectGraphs":true,"m_FxEnabled":true},"in2DMode":false,"pivot":{"x":0.23833294212818147,"y":0.2276671677827835,"z":-0.12272672355175019},"rotation":{"x":-0.00532370712608099,"y":0.004507165867835283,"z":-0.00003062739779124968,"w":-0.999984085559845},"size":0.5912285447120667,"orthographic":false}